CREATE DATABASE testeBD;
USE testeBD;

CREATE TABLE GRADE_SALARIAL (
ID_GRADE_SALARIAL INT NOT NULL,
MENOR_SALARIO DECIMAL(10,2) NOT NULL,
MAIOR_SALARIO DECIMAL(10,2) NOT NULL,
PRIMARY KEY(ID_GRADE_SALARIAL));

CREATE TABLE DEPARTAMENTO (
ID_DEPARTAMENTO INT NOT NULL,
NM_DEPARTAMENTO VARCHAR(30) NOT  NULL,
LOCALIZACAO VARCHAR(20) NOT NULL,
PRIMARY KEY(ID_DEPARTAMENTO));

CREATE TABLE EMPREGADO (
ID_EMPREGADO INT NOT NULL,
NM_EMPREGADO VARCHAR(45) NOT NULL,
FUNCAO VARCHAR(45) NOT NULL,
LIDER INTEGER NULL,
DATA_CONTRATACAO DATE NOT NULL,
SALARIO DECIMAL(10,2) NOT NULL,
COMISSAO DECIMAL(10,2) NULL,
ID_DEPARTAMENTO INTEGER NOT NULL,
PRIMARY KEY(ID_EMPREGADO), 
FOREIGN KEY(ID_DEPARTAMENTO) REFERENCES DEPARTAMENTO(ID_DEPARTAMENTO),
FOREIGN KEY(LIDER) REFERENCES EMPREGADO(ID_EMPREGADO));


-- Departamento
INSERT INTO departamento VALUES (10, 'CONTÁBIL','NEW YORK');
INSERT INTO departamento VALUES (20, 'PESQUISA E DESENVOLVIMENTO','DALLAS');
INSERT INTO departamento VALUES (30, 'VENDAS','CHICAGO');
INSERT INTO departamento VALUES (40, 'OPERAÇÕES','BOSTON');

-- Grade Salarial
INSERT INTO grade_salarial VALUES (1, 700, 1200);
INSERT INTO grade_salarial VALUES (2,1201.00,1400.00);
INSERT INTO grade_salarial VALUES (3,1401.00,2000.00);
INSERT INTO grade_salarial VALUES (4,2001.00,3000.00);
INSERT INTO grade_salarial VALUES (5,3001.00,9999.00);

-- Departamento
-- Inserindo KING (Presidente)
INSERT INTO empregado VALUES (7839, 'KING', 'PRESIDENTE', NULL, '1981-11-17', 5000.00, NULL, 10);
INSERT INTO empregado VALUES (7782, 'CLARK', 'GERENTE', 7839, '1981-06-09', 2490.00, NULL, 10);
INSERT INTO empregado VALUES (7698, 'BLAKE', 'GERENTE', 7839, '1981-05-01', 2850.00, NULL, 30);
INSERT INTO empregado VALUES (7566, 'JONES', 'GERENTE', 7839, '1981-07-02', 2975.00, NULL, 20);
INSERT INTO empregado VALUES (7788, 'SCOTT', 'ANALISTA', 7566, '1982-12-09', 3000.00, NULL, 20);
INSERT INTO empregado VALUES (7902, 'FORD', 'ANALISTA', 7566, '1981-12-03', 3000.00, NULL, 20);
INSERT INTO empregado VALUES (7369, 'SMITH', 'ESCRITURÁRIO', 7902, '1980-12-17', 800.00, NULL, 20);
INSERT INTO empregado VALUES (7876, 'ADAMS', 'ESCRITURÁRIO', 7788, '1983-01-12', 1100.00, NULL, 20);
INSERT INTO empregado VALUES (7499, 'ALLEN', 'VENDEDOR', 7698, '1981-02-20', 1600.00, 300.00, 30);
INSERT INTO empregado VALUES (7521, 'WARD', 'VENDEDOR', 7698, '1981-02-22', 1250.00, 500.00, 30);
INSERT INTO empregado VALUES (7654, 'MARTIN', 'VENDEDOR', 7698, '1981-09-28', 1250.00, 1400.00, 30);
INSERT INTO empregado VALUES (7844, 'TURNER', 'VENDEDOR', 7698, '1981-09-08', 1500.00, 0.00, 30);
INSERT INTO empregado VALUES (7900, 'JAMES', 'ESCRITURÁRIO', 7698, '1981-12-03', 950.00, NULL, 30);
INSERT INTO empregado VALUES (7934, 'MILLER', 'ESCRITURÁRIO', 7782, '1982-01-23', 1300.00, NULL, 10);


SELECT * FROM DEPARTAMENTO;
SELECT * FROM EMPREGADO;
SELECT * FROM GRADE_SALARIAL;